{"0":{"comprehension":71.9973404255,"attention":68.5612765957,"focus":65.3531914894,"retention":65.1304255319,"engagement_time":87.1170212766,"assessment_score":67.4514893617},"1":{"comprehension":87.03375,"attention":81.7289583333,"focus":77.98375,"retention":77.4135416667,"engagement_time":96.6875,"assessment_score":80.5214583333},"2":{"comprehension":56.4698275862,"attention":53.8755172414,"focus":51.2715517241,"retention":53.5294827586,"engagement_time":79.8620689655,"assessment_score":54.2268965517}}